{
    "$schema": "https://schema.management.azure.com/schemas/2015-01-01/deploymentParameters.json#",
    "contentVersion": "1.0.0.0",
    "parameters": {
        "IotHubs_iothub32a2fdc7_connectionString": {
            "value": null
        },
        "IotHubs_iothub32a2fdc7_containerName": {
            "value": null
        },
        "sites_iotfunc32a2fdc7_name": {
            "value": null
        },
        "IotHubs_iothub32a2fdc7_name": {
            "value": null
        },
        "serverfarms_iotfunc32a2fdc73_name": {
            "value": null
        },
        "accounts_iotdls32a2fdc7_name": {
            "value": null
        },
        "accounts_iotdla32a2fdc7_name": {
            "value": null
        },
        "streamingjobs_iotasa32a2fdc7_name": {
            "value": null
        },
        "databaseAccounts_iotcosmos32a2fdc7_name": {
            "value": null
        },
        "environments_iottsi32a2fdc7_name": {
            "value": null
        }
    }
}