{
    "$schema": "https://schema.management.azure.com/schemas/2015-01-01/deploymentTemplate.json#",
    "contentVersion": "1.0.0.0",
    "parameters": {
        "IotHubs_iothub32a2fdc7_connectionString": {
            "type": "SecureString"
        },
        "IotHubs_iothub32a2fdc7_containerName": {
            "type": "SecureString"
        },
        "sites_iotfunc32a2fdc7_name": {
            "defaultValue": "iotfunc32a2fdc7",
            "type": "String"
        },
        "IotHubs_iothub32a2fdc7_name": {
            "defaultValue": "iothub32a2fdc7",
            "type": "String"
        },
        "serverfarms_iotfunc32a2fdc73_name": {
            "defaultValue": "iotfunc32a2fdc73",
            "type": "String"
        },
        "accounts_iotdls32a2fdc7_name": {
            "defaultValue": "iotdls32a2fdc7",
            "type": "String"
        },
        "accounts_iotdla32a2fdc7_name": {
            "defaultValue": "iotdla32a2fdc7",
            "type": "String"
        },
        "streamingjobs_iotasa32a2fdc7_name": {
            "defaultValue": "iotasa32a2fdc7",
            "type": "String"
        },
        "databaseAccounts_iotcosmos32a2fdc7_name": {
            "defaultValue": "iotcosmos32a2fdc7",
            "type": "String"
        },
        "environments_iottsi32a2fdc7_name": {
            "defaultValue": "iottsi32a2fdc7",
            "type": "String"
        }
    },
    "variables": {},
    "resources": [
        {
            "type": "Microsoft.DataLakeAnalytics/accounts",
            "apiVersion": "2016-11-01",
            "name": "[parameters('accounts_iotdla32a2fdc7_name')]",
            "location": "westeurope",
            "properties": {
                "firewallState": "Disabled",
                "firewallAllowAzureIps": "Disabled",
                "firewallRules": [],
                "defaultDataLakeStoreAccount": "iotdls32a2fdc7",
                "dataLakeStoreAccounts": [
                    {
                        "properties": {
                            "suffix": "azuredatalakestore.net"
                        },
                        "name": "iotdls32a2fdc7"
                    }
                ],
                "storageAccounts": [],
                "maxDegreeOfParallelism": 32,
                "maxJobCount": 20,
                "maxDegreeOfParallelismPerJob": 32,
                "minPriorityPerJob": 1,
                "computePolicies": [],
                "queryStoreRetention": 30,
                "newTier": "Consumption"
            }
        },
        {
            "type": "Microsoft.DataLakeStore/accounts",
            "apiVersion": "2016-11-01",
            "name": "[parameters('accounts_iotdls32a2fdc7_name')]",
            "location": "westeurope",
            "properties": {
                "firewallState": "Disabled",
                "firewallAllowAzureIps": "Disabled",
                "firewallRules": [],
                "trustedIdProviderState": "Disabled",
                "trustedIdProviders": [],
                "encryptionState": "Enabled",
                "encryptionConfig": {
                    "type": "ServiceManaged"
                },
                "newTier": "Consumption"
            }
        },
        {
            "type": "Microsoft.Devices/IotHubs",
            "apiVersion": "2019-11-04",
            "name": "[parameters('IotHubs_iothub32a2fdc7_name')]",
            "location": "westeurope",
            "sku": {
                "name": "S1",
                "tier": "Standard",
                "capacity": 1
            },
            "properties": {
                "ipFilterRules": [],
                "eventHubEndpoints": {
                    "events": {
                        "retentionTimeInDays": 1,
                        "partitionCount": 4
                    }
                },
                "routing": {
                    "endpoints": {
                        "serviceBusQueues": [],
                        "serviceBusTopics": [],
                        "eventHubs": [],
                        "storageContainers": []
                    },
                    "routes": [],
                    "fallbackRoute": {
                        "name": "$fallback",
                        "source": "DeviceMessages",
                        "condition": "true",
                        "endpointNames": [
                            "events"
                        ],
                        "isEnabled": true
                    }
                },
                "storageEndpoints": {
                    "$default": {
                        "sasTtlAsIso8601": "PT1H",
                        "connectionString": "[parameters('IotHubs_iothub32a2fdc7_connectionString')]",
                        "containerName": "[parameters('IotHubs_iothub32a2fdc7_containerName')]"
                    }
                },
                "messagingEndpoints": {
                    "fileNotifications": {
                        "lockDurationAsIso8601": "PT1M",
                        "ttlAsIso8601": "PT1H",
                        "maxDeliveryCount": 10
                    }
                },
                "enableFileUploadNotifications": false,
                "cloudToDevice": {
                    "maxDeliveryCount": 10,
                    "defaultTtlAsIso8601": "PT1H",
                    "feedback": {
                        "lockDurationAsIso8601": "PT1M",
                        "ttlAsIso8601": "PT1H",
                        "maxDeliveryCount": 10
                    }
                },
                "features": "None"
            }
        },
        {
            "type": "Microsoft.DocumentDB/databaseAccounts",
            "apiVersion": "2019-08-01",
            "name": "[parameters('databaseAccounts_iotcosmos32a2fdc7_name')]",
            "location": "West Europe",
            "tags": {
                "defaultExperience": "Core (SQL)",
                "hidden-cosmos-mmspecial": ""
            },
            "kind": "GlobalDocumentDB",
            "properties": {
                "enableAutomaticFailover": false,
                "enableMultipleWriteLocations": false,
                "isVirtualNetworkFilterEnabled": false,
                "virtualNetworkRules": [],
                "disableKeyBasedMetadataWriteAccess": false,
                "databaseAccountOfferType": "Standard",
                "consistencyPolicy": {
                    "defaultConsistencyLevel": "Session",
                    "maxIntervalInSeconds": 5,
                    "maxStalenessPrefix": 100
                },
                "locations": [
                    {
                        "locationName": "West Europe",
                        "provisioningState": "Succeeded",
                        "failoverPriority": 0,
                        "isZoneRedundant": false
                    }
                ],
                "capabilities": []
            }
        },
        {
            "type": "Microsoft.StreamAnalytics/streamingjobs",
            "apiVersion": "2016-03-01",
            "name": "[parameters('streamingjobs_iotasa32a2fdc7_name')]",
            "location": "West Europe",
            "identity": {
                "principalId": "219e8a28-1afc-4b4e-8b35-4d11f92db03a",
                "tenantId": "31c6f293-bc34-44c1-9702-cc86f2fa368e",
                "type": "SystemAssigned"
            },
            "properties": {
                "sku": {
                    "name": "Standard"
                },
                "outputStartMode": "JobStartTime",
                "outputStartTime": "2019-11-30T14:39:45.947Z",
                "eventsOutOfOrderPolicy": "Adjust",
                "outputErrorPolicy": "Stop",
                "eventsOutOfOrderMaxDelayInSeconds": 0,
                "eventsLateArrivalMaxDelayInSeconds": 5,
                "dataLocale": "en-US",
                "compatibilityLevel": "1.1"
            }
        },
        {
            "type": "Microsoft.TimeSeriesInsights/environments",
            "apiVersion": "2018-08-15-preview",
            "name": "[parameters('environments_iottsi32a2fdc7_name')]",
            "location": "westeurope",
            "sku": {
                "name": "S1",
                "capacity": 1
            },
            "kind": "Standard",
            "properties": {
                "dataRetentionTime": "P30D",
                "creationTime": "Wed, 27 Nov 2019 20:02:19 GMT",
                "provisioningState": "Succeeded",
                "requestApiVersion": "2018-08-15-preview",
                "dataAccessId": "5ecfcffb-8379-4c85-9aa5-3b72ba53788f",
                "dataAccessFqdn": "5ecfcffb-8379-4c85-9aa5-3b72ba53788f.env.timeseries.azure.com",
                "storageLimitExceededBehavior": "PurgeOldData"
            }
        },
        {
            "type": "Microsoft.Web/serverfarms",
            "apiVersion": "2018-02-01",
            "name": "[parameters('serverfarms_iotfunc32a2fdc73_name')]",
            "location": "West Europe",
            "sku": {
                "name": "S1",
                "tier": "Standard",
                "size": "S1",
                "family": "S",
                "capacity": 1
            },
            "kind": "app",
            "properties": {
                "perSiteScaling": false,
                "maximumElasticWorkerCount": 1,
                "isSpot": false,
                "reserved": false,
                "isXenon": false,
                "hyperV": false,
                "targetWorkerCount": 0,
                "targetWorkerSizeId": 0
            }
        },
        {
            "type": "Microsoft.DataLakeAnalytics/accounts/dataLakeStoreAccounts",
            "apiVersion": "2016-11-01",
            "name": "[concat(parameters('accounts_iotdla32a2fdc7_name'), '/iotdls32a2fdc7')]",
            "dependsOn": [
                "[resourceId('Microsoft.DataLakeAnalytics/accounts', parameters('accounts_iotdla32a2fdc7_name'))]"
            ],
            "properties": {
                "suffix": "azuredatalakestore.net"
            }
        },
        {
            "type": "Microsoft.DocumentDB/databaseAccounts/sqlDatabases",
            "apiVersion": "2019-08-01",
            "name": "[concat(parameters('databaseAccounts_iotcosmos32a2fdc7_name'), '/windfarmdatabase')]",
            "dependsOn": [
                "[resourceId('Microsoft.DocumentDB/databaseAccounts', parameters('databaseAccounts_iotcosmos32a2fdc7_name'))]"
            ],
            "properties": {
                "resource": {
                    "id": "windfarmdatabase"
                },
                "options": {}
            }
        },
        {
            "type": "Microsoft.StreamAnalytics/streamingjobs/inputs",
            "apiVersion": "2016-03-01",
            "name": "[concat(parameters('streamingjobs_iotasa32a2fdc7_name'), '/iothub')]",
            "dependsOn": [
                "[resourceId('Microsoft.StreamAnalytics/streamingjobs', parameters('streamingjobs_iotasa32a2fdc7_name'))]"
            ],
            "properties": {
                "type": "Stream",
                "datasource": {
                    "type": "Microsoft.Devices/IotHubs",
                    "properties": {
                        "iotHubNamespace": "iothub32a2fdc7",
                        "sharedAccessPolicyName": "iothubowner",
                        "endpoint": "messages/events",
                        "consumerGroupName": "$Default"
                    }
                },
                "compression": {
                    "type": "None"
                },
                "partitionKey": "",
                "serialization": {
                    "type": "Json",
                    "properties": {
                        "encoding": "UTF8"
                    }
                },
                "etag": "fbe8bf4c-aba7-48e7-a22a-516c6c5a67ed"
            }
        },
        {
            "type": "Microsoft.StreamAnalytics/streamingjobs/outputs",
            "apiVersion": "2016-03-01",
            "name": "[concat(parameters('streamingjobs_iotasa32a2fdc7_name'), '/cosmosiot')]",
            "dependsOn": [
                "[resourceId('Microsoft.StreamAnalytics/streamingjobs', parameters('streamingjobs_iotasa32a2fdc7_name'))]"
            ],
            "properties": {
                "datasource": {
                    "type": "Microsoft.Storage/DocumentDB",
                    "properties": {
                        "accountId": "iotcosmos32a2fdc7",
                        "accountKey": null,
                        "database": "windfarmdatabase",
                        "collectionNamePattern": "windfarmcontainer"
                    }
                }
            }
        },
        {
            "type": "Microsoft.StreamAnalytics/streamingjobs/outputs",
            "apiVersion": "2016-03-01",
            "name": "[concat(parameters('streamingjobs_iotasa32a2fdc7_name'), '/datalake')]",
            "dependsOn": [
                "[resourceId('Microsoft.StreamAnalytics/streamingjobs', parameters('streamingjobs_iotasa32a2fdc7_name'))]"
            ],
            "properties": {
                "datasource": {
                    "type": "Microsoft.DataLake/Accounts",
                    "properties": {
                        "filePathPrefix": "telemetry/{date}",
                        "accountName": "iotdls32a2fdc7",
                        "tenantId": "31c6f293-bc34-44c1-9702-cc86f2fa368e",
                        "dateFormat": "yyyy/MM/dd",
                        "timeFormat": "HH",
                        "authenticationMode": "UserToken",
                        "refreshToken": null,
                        "accessToken": null,
                        "tokenUserPrincipalName": "ttilli@outlook.de",
                        "tokenUserDisplayName": "Thomas Tilli"
                    }
                },
                "serialization": {
                    "type": "Json",
                    "properties": {
                        "encoding": "UTF8",
                        "format": "Array"
                    }
                }
            }
        },
        {
            "type": "Microsoft.StreamAnalytics/streamingjobs/outputs",
            "apiVersion": "2016-03-01",
            "name": "[concat(parameters('streamingjobs_iotasa32a2fdc7_name'), '/WindSpeedTrigger')]",
            "dependsOn": [
                "[resourceId('Microsoft.StreamAnalytics/streamingjobs', parameters('streamingjobs_iotasa32a2fdc7_name'))]"
            ],
            "properties": {
                "datasource": {
                    "type": "Microsoft.AzureFunction",
                    "properties": {
                        "functionAppName": "iotfunc32a2fdc7",
                        "functionName": "WindSpeedHttpTrigger",
                        "apiKey": null
                    }
                }
            }
        },
        {
            "type": "Microsoft.TimeSeriesInsights/environments/accesspolicies",
            "apiVersion": "2018-08-15-preview",
            "name": "[concat(parameters('environments_iottsi32a2fdc7_name'), '/ownerAccessPolicyName')]",
            "dependsOn": [
                "[resourceId('Microsoft.TimeSeriesInsights/environments', parameters('environments_iottsi32a2fdc7_name'))]"
            ],
            "properties": {
                "principalObjectId": "d27e0979-c182-4a60-9141-54577d5595b2",
                "roles": [
                    "Reader",
                    "Contributor"
                ]
            }
        },
        {
            "type": "Microsoft.Web/sites",
            "apiVersion": "2018-11-01",
            "name": "[parameters('sites_iotfunc32a2fdc7_name')]",
            "location": "West Europe",
            "dependsOn": [
                "[resourceId('Microsoft.Web/serverfarms', parameters('serverfarms_iotfunc32a2fdc73_name'))]"
            ],
            "kind": "functionapp",
            "properties": {
                "enabled": true,
                "hostNameSslStates": [
                    {
                        "name": "[concat(parameters('sites_iotfunc32a2fdc7_name'), '.azurewebsites.net')]",
                        "sslState": "Disabled",
                        "hostType": "Standard"
                    },
                    {
                        "name": "[concat(parameters('sites_iotfunc32a2fdc7_name'), '.scm.azurewebsites.net')]",
                        "sslState": "Disabled",
                        "hostType": "Repository"
                    }
                ],
                "serverFarmId": "[resourceId('Microsoft.Web/serverfarms', parameters('serverfarms_iotfunc32a2fdc73_name'))]",
                "reserved": false,
                "isXenon": false,
                "hyperV": false,
                "scmSiteAlsoStopped": false,
                "clientAffinityEnabled": false,
                "clientCertEnabled": false,
                "hostNamesDisabled": false,
                "containerSize": 1536,
                "dailyMemoryTimeQuota": 0,
                "httpsOnly": false,
                "redundancyMode": "None"
            }
        },
        {
            "type": "Microsoft.Web/sites/config",
            "apiVersion": "2018-11-01",
            "name": "[concat(parameters('sites_iotfunc32a2fdc7_name'), '/web')]",
            "location": "West Europe",
            "dependsOn": [
                "[resourceId('Microsoft.Web/sites', parameters('sites_iotfunc32a2fdc7_name'))]"
            ],
            "properties": {
                "numberOfWorkers": 1,
                "defaultDocuments": [
                    "Default.htm",
                    "Default.html",
                    "Default.asp",
                    "index.htm",
                    "index.html",
                    "iisstart.htm",
                    "default.aspx",
                    "index.php"
                ],
                "netFrameworkVersion": "v4.0",
                "phpVersion": "5.6",
                "pythonVersion": "",
                "nodeVersion": "",
                "linuxFxVersion": "",
                "requestTracingEnabled": false,
                "remoteDebuggingEnabled": false,
                "httpLoggingEnabled": false,
                "logsDirectorySizeLimit": 35,
                "detailedErrorLoggingEnabled": false,
                "publishingUsername": "$iotfunc32a2fdc7",
                "scmType": "None",
                "use32BitWorkerProcess": true,
                "webSocketsEnabled": false,
                "alwaysOn": false,
                "appCommandLine": "",
                "managedPipelineMode": "Integrated",
                "virtualApplications": [
                    {
                        "virtualPath": "/",
                        "physicalPath": "site\\wwwroot",
                        "preloadEnabled": false,
                        "virtualDirectories": null
                    }
                ],
                "winAuthAdminState": 0,
                "winAuthTenantState": 0,
                "customAppPoolIdentityAdminState": false,
                "customAppPoolIdentityTenantState": false,
                "loadBalancing": "LeastRequests",
                "routingRules": [],
                "experiments": {
                    "rampUpRules": []
                },
                "autoHealEnabled": false,
                "vnetName": "",
                "siteAuthEnabled": false,
                "siteAuthSettings": {
                    "enabled": null,
                    "unauthenticatedClientAction": null,
                    "tokenStoreEnabled": null,
                    "allowedExternalRedirectUrls": null,
                    "defaultProvider": null,
                    "clientId": null,
                    "clientSecret": null,
                    "clientSecretCertificateThumbprint": null,
                    "issuer": null,
                    "allowedAudiences": null,
                    "additionalLoginParams": null,
                    "isAadAutoProvisioned": false,
                    "googleClientId": null,
                    "googleClientSecret": null,
                    "googleOAuthScopes": null,
                    "facebookAppId": null,
                    "facebookAppSecret": null,
                    "facebookOAuthScopes": null,
                    "twitterConsumerKey": null,
                    "twitterConsumerSecret": null,
                    "microsoftAccountClientId": null,
                    "microsoftAccountClientSecret": null,
                    "microsoftAccountOAuthScopes": null
                },
                "cors": {
                    "allowedOrigins": [
                        "https://functions.azure.com",
                        "https://functions-staging.azure.com",
                        "https://functions-next.azure.com"
                    ],
                    "supportCredentials": false
                },
                "localMySqlEnabled": false,
                "ipSecurityRestrictions": [
                    {
                        "ipAddress": "Any",
                        "action": "Allow",
                        "priority": 1,
                        "name": "Allow all",
                        "description": "Allow all access"
                    }
                ],
                "scmIpSecurityRestrictions": [
                    {
                        "ipAddress": "Any",
                        "action": "Allow",
                        "priority": 1,
                        "name": "Allow all",
                        "description": "Allow all access"
                    }
                ],
                "scmIpSecurityRestrictionsUseMain": false,
                "http20Enabled": false,
                "minTlsVersion": "1.2",
                "ftpsState": "AllAllowed",
                "reservedInstanceCount": 0,
                "fileChangeAuditEnabled": false,
                "functionsRuntimeScaleMonitoringEnabled": false
            }
        },
        {
            "type": "Microsoft.Web/sites/deployments",
            "apiVersion": "2018-11-01",
            "name": "[concat(parameters('sites_iotfunc32a2fdc7_name'), '/bbfc041062444c1f940f9e1d8abb08ad')]",
            "location": "West Europe",
            "dependsOn": [
                "[resourceId('Microsoft.Web/sites', parameters('sites_iotfunc32a2fdc7_name'))]"
            ],
            "properties": {
                "status": 4,
                "author_email": "N/A",
                "author": "VS Code",
                "deployer": "Push-Deployer",
                "message": "Created via a push deployment",
                "start_time": "2019-11-26T20:52:06.0051249Z",
                "end_time": "2019-11-26T20:52:10.3302487Z",
                "active": true
            }
        },
        {
            "type": "Microsoft.Web/sites/functions",
            "apiVersion": "2018-11-01",
            "name": "[concat(parameters('sites_iotfunc32a2fdc7_name'), '/WindSpeedHttpTrigger')]",
            "location": "West Europe",
            "dependsOn": [
                "[resourceId('Microsoft.Web/sites', parameters('sites_iotfunc32a2fdc7_name'))]"
            ],
            "properties": {
                "script_root_path_href": "https://iotfunc32a2fdc7.azurewebsites.net/admin/vfs/site/wwwroot/WindSpeedHttpTrigger/",
                "script_href": "https://iotfunc32a2fdc7.azurewebsites.net/admin/vfs/site/wwwroot/bin/IoTFunctions.dll",
                "config_href": "https://iotfunc32a2fdc7.azurewebsites.net/admin/vfs/site/wwwroot/WindSpeedHttpTrigger/function.json",
                "href": "https://iotfunc32a2fdc7.azurewebsites.net/admin/functions/WindSpeedHttpTrigger",
                "config": {}
            }
        },
        {
            "type": "Microsoft.Web/sites/hostNameBindings",
            "apiVersion": "2018-11-01",
            "name": "[concat(parameters('sites_iotfunc32a2fdc7_name'), '/', parameters('sites_iotfunc32a2fdc7_name'), '.azurewebsites.net')]",
            "location": "West Europe",
            "dependsOn": [
                "[resourceId('Microsoft.Web/sites', parameters('sites_iotfunc32a2fdc7_name'))]"
            ],
            "properties": {
                "siteName": "iotfunc32a2fdc7",
                "hostNameType": "Verified"
            }
        },
        {
            "type": "Microsoft.DocumentDB/databaseAccounts/sqlDatabases/containers",
            "apiVersion": "2019-08-01",
            "name": "[concat(parameters('databaseAccounts_iotcosmos32a2fdc7_name'), '/windfarmdatabase/windfarmcontainer')]",
            "dependsOn": [
                "[resourceId('Microsoft.DocumentDB/databaseAccounts/sqlDatabases', parameters('databaseAccounts_iotcosmos32a2fdc7_name'), 'windfarmdatabase')]",
                "[resourceId('Microsoft.DocumentDB/databaseAccounts', parameters('databaseAccounts_iotcosmos32a2fdc7_name'))]"
            ],
            "properties": {
                "resource": {
                    "id": "windfarmcontainer",
                    "indexingPolicy": {
                        "indexingMode": "consistent",
                        "automatic": true,
                        "includedPaths": [
                            {
                                "path": "/*"
                            }
                        ],
                        "excludedPaths": [
                            {
                                "path": "/\"_etag\"/?"
                            }
                        ]
                    },
                    "partitionKey": {
                        "paths": [
                            "/PartitionId"
                        ],
                        "kind": "Hash"
                    },
                    "conflictResolutionPolicy": {
                        "mode": "LastWriterWins",
                        "conflictResolutionPath": "/_ts"
                    }
                },
                "options": {}
            }
        },
        {
            "type": "Microsoft.DocumentDB/databaseAccounts/sqlDatabases/throughputSettings",
            "apiVersion": "2019-08-01",
            "name": "[concat(parameters('databaseAccounts_iotcosmos32a2fdc7_name'), '/windfarmdatabase/default')]",
            "dependsOn": [
                "[resourceId('Microsoft.DocumentDB/databaseAccounts/sqlDatabases', parameters('databaseAccounts_iotcosmos32a2fdc7_name'), 'windfarmdatabase')]",
                "[resourceId('Microsoft.DocumentDB/databaseAccounts', parameters('databaseAccounts_iotcosmos32a2fdc7_name'))]"
            ],
            "properties": {
                "resource": {
                    "throughput": 5000
                }
            }
        },
        {
            "type": "Microsoft.TimeSeriesInsights/environments/eventsources",
            "apiVersion": "2018-08-15-preview",
            "name": "[concat(parameters('environments_iottsi32a2fdc7_name'), '/iothubsource')]",
            "location": "westeurope",
            "dependsOn": [
                "[resourceId('Microsoft.TimeSeriesInsights/environments', parameters('environments_iottsi32a2fdc7_name'))]",
                "[resourceId('Microsoft.Devices/IotHubs', parameters('IotHubs_iothub32a2fdc7_name'))]"
            ],
            "kind": "Microsoft.IoTHub",
            "properties": {
                "iotHubName": "iothub32a2fdc7",
                "keyName": "iothubowner",
                "consumerGroupName": "timeseries",
                "eventSourceResourceId": "[resourceId('Microsoft.Devices/IotHubs', parameters('IotHubs_iothub32a2fdc7_name'))]",
                "creationTime": "Thu, 28 Nov 2019 22:18:45 GMT",
                "provisioningState": "Succeeded"
            }
        },
        {
            "type": "Microsoft.DocumentDB/databaseAccounts/sqlDatabases/containers/storedProcedures",
            "apiVersion": "2019-08-01",
            "name": "[concat(parameters('databaseAccounts_iotcosmos32a2fdc7_name'), '/windfarmdatabase/windfarmcontainer/bulkUpsert_v_2_0')]",
            "dependsOn": [
                "[resourceId('Microsoft.DocumentDB/databaseAccounts/sqlDatabases/containers', parameters('databaseAccounts_iotcosmos32a2fdc7_name'), 'windfarmdatabase', 'windfarmcontainer')]",
                "[resourceId('Microsoft.DocumentDB/databaseAccounts/sqlDatabases', parameters('databaseAccounts_iotcosmos32a2fdc7_name'), 'windfarmdatabase')]",
                "[resourceId('Microsoft.DocumentDB/databaseAccounts', parameters('databaseAccounts_iotcosmos32a2fdc7_name'))]"
            ],
            "properties": {
                "resource": {
                    "id": "bulkUpsert_v_2_0",
                    "body": "// Copyright (c) Microsoft Corporation.  All rights reserved.\r\n\r\nfunction bulkUpsert_v_2_0(docs, optimizeForInserts, startIndex) {\r\n    /**\r\n* A DocumentDB stored procedure that upserts a batch of documents (insert new or update if present) using its id property.<br/>\r\n* This implementation queries for each document's id, and creates if absent and patches if found.\r\n* The script sets response body to the number of docs imported and is called multiple times \r\n* by the client until total number of docs desired by the client is imported.\r\n* @param  {Object[]} docs - Array of documents to import.\r\n* v2 : Uses a different API now to read documents\r\n*/\r\n    var ErrorCode = {\r\n        CONFLICT: 409,\r\n        FORBIDDEN: 403,\r\n        INSUFFICIENT_STORAGE: 507\r\n    };\r\n    var context = getContext();\r\n    var collection = context.getCollection();\r\n    var collectionLink = collection.getSelfLink();\r\n    var response = context.getResponse();\r\n    // The count of imported docs, also used as current doc index.\r\n    var count = startIndex;\r\n    var replaceCount = 0;\r\n\r\n    // Validate input.\r\n    if (!docs) {\r\n        throw new Error(\"Input documents array is undefined or null.\");\r\n    }\r\n\r\n    var docsLength = docs.length;\r\n    if (docsLength === 0) {\r\n        response.setBody(0);\r\n    }\r\n\r\n    tryCreate(docs[count], createCallback);\r\n\r\n    function tryCreate(doc, createCallback) {\r\n        var options = {\r\n            disableAutomaticIdGeneration: optimizeForInserts\r\n        };\r\n\r\n        // replace this with collection.UpsertDocument() when it supports patch\r\n        var isAccepted = collection.createDocument(collectionLink, doc, options, createCallback);\r\n\r\n        // If the request was accepted, createCallback will be called.\r\n        // Otherwise report current count back to the client, \r\n        // which will call the script again with remaining set of docs.\r\n        // This condition will happen when this stored procedure has been running too long\r\n        // and is about to get cancelled by the server. This will allow the calling client\r\n        // to resume this batch from the point we got to before isAccepted was set to false\r\n        if (!isAccepted) getContext().getResponse().setBody({ \"total\": count, \"replaced\": replaceCount });\r\n    }\r\n\r\n    // To replace the document, first issue a query to find it and then call replace.\r\n    function retrieveDoc(doc, continuation, retrieveCallback) {\r\n        var query = { query: \"select * from root r where r.id = @id\", parameters: [{ name: \"@id\", value: doc.id }] };\r\n        var requestOptions = { continuation: continuation };\r\n        var isAccepted = collection.readDocument(__.getAltLink() + '/docs/' + doc.id, requestOptions, function (err, retrievedDoc, responseOptions) {\r\n            if (err) {\r\n               throw err;\r\n            }\r\n\r\n            if (!retrievedDoc) {\r\n                throw new Error(\"Error in reading document.\");\r\n            }\r\n\r\n            retrieveCallback(retrievedDoc);\r\n        });\r\n\r\n        // this will be retried , set the current count \r\n        if (!isAccepted) getContext().getResponse().setBody({ \"total\": count, \"replaced\": replaceCount });\r\n    }\r\n\r\n    function tryReplace(document, replaceCallback) {\r\n        retrieveDoc(document, null, function (retrievedDoc) {\r\n            var existingDocSelfLink = retrievedDoc._self;\r\n            replaceCount = replaceCount + 1;\r\n            mergeReplace(retrievedDoc, document);\r\n            var isAccepted = collection.replaceDocument(existingDocSelfLink, retrievedDoc, replaceCallback);\r\n            if (!isAccepted) getContext().getResponse().setBody({ \"total\": count, \"replaced\": replaceCount });\r\n        });\r\n    }\r\n\r\n    // Merges properties recursively from source into dest object by reference. \r\n    // All properties present in the source are overwritten in dest\r\n    // Note - Array values are not merged but overwritten\r\n    function mergeReplace(dest, source) {\r\n\r\n        if (dest instanceof Array) {\r\n            var k = dest.length;\r\n            while (k > source.length) {\r\n                dest.pop();\r\n                k--;\r\n            }\r\n        }\r\n\r\n        for (var prop in source) {\r\n            if (source[prop] && source[prop] instanceof Object && dest[prop] instanceof Object) {\r\n                mergeReplace(dest[prop], source[prop]);\r\n            } else {\r\n                dest[prop] = source[prop];\r\n            }\r\n        }\r\n    }\r\n\r\n    function createCallback(err, doc, options) {\r\n        if (err) {\r\n            // Replace the document if status code is 409 and upsert is enabled\r\n            if (err.number === ErrorCode.CONFLICT) {\r\n                return tryReplace(docs[count], createCallback);\r\n            }\r\n            // storage quota exceeded, remap to a 507 so fx can indentify in substatus header\r\n            else if (err.number === ErrorCode.FORBIDDEN) {\r\n                err.number = ErrorCode.INSUFFICIENT_STORAGE;\r\n                throw err;\r\n            } else {\r\n                throw err;\r\n            }\r\n        } else {\r\n            // One more document has been inserted, increment the count.\r\n            count++;\r\n\r\n            if (count >= docsLength) {\r\n                // If we have created all documents, we are done. Just set the response.\r\n                getContext().getResponse().setBody({ \"total\": count, \"replaced\": replaceCount });\r\n            } else {\r\n                // Call the CRUD API to create a document.\r\n                return tryCreate(docs[count], createCallback);\r\n            }\r\n        }\r\n    }\r\n}\r\n"
                },
                "options": {}
            }
        }
    ]
}